,Features,Cluster-1,Cluster-2,Cluster-3,Cluster-4,Cluster-5,Cluster-6
0,Age,0.4789572170464369,1.254720957820902,-0.8730984378113537,-0.9760269795823221,0.22171557613283802,-0.44191719296133997
1,# income,-1.3082299209845176,-0.2402129409210206,-0.11378507727837833,-1.3254970437050815,1.0832252669075226,0.9915830476839198
2,score,-1.1964435282144246,-0.04399776880640199,-0.0935803937151645,1.0371826970097382,-1.2900522265534844,1.2395027537948333
