,Features,Mean,StdDev
0,Age,38.85,13.934041050606963
1,income,60.56,26.19897707926781
2,score,50.2,25.7588819633151
