,Features,Cluster-1,Cluster-2,Cluster-3,Cluster-4,Cluster-5,Cluster-6
0,Age,45.52380952380952,56.333333333333336,26.684210526315788,25.25,41.93939393939394,32.69230769230769
1,# income,26.285714285714285,54.26666666666667,57.578947368421055,25.83333333333333,88.93939393939394,86.53846153846153
2,score,19.38095238095238,49.06666666666667,47.78947368421053,76.91666666666666,16.96969696969697,82.12820512820514
